f_number,reference_height_fraction,frequency_lp_mm,direction,reference,model,model_minus_reference,sampling
5.6,0,5,T,0.9,0.8918098865033812,-0.0081901134966188,1024
5.6,0,5,S,0.9,0.8918098865033812,-0.0081901134966188,1024
5.6,0,10,T,0.8,0.7973784614147018,-0.002621538585298233,1024
5.6,0,10,S,0.8,0.7973784614147018,-0.002621538585298233,1024
5.6,0,20,T,0.64,0.6200414311760498,-0.019958568823950196,1024
5.6,0,20,S,0.64,0.6200414311760498,-0.019958568823950196,1024
5.6,0.1,5,T,0.825,0.7965797543470762,-0.02842024565292378,1024
5.6,0.1,5,S,0.87,0.8371336165373533,-0.0328663834626467,1024
5.6,0.1,10,T,0.685,0.6103345591463709,-0.07466544085362914,1024
5.6,0.1,10,S,0.74,0.6940661189886134,-0.045933881011386624,1024
5.6,0.1,20,T,0.515,0.41074751532882037,-0.10425248467117965,1024
5.6,0.1,20,S,0.565,0.4778148286926072,-0.08718517130739273,1024
5.6,0.2,5,T,0.69,0.6785431776294091,-0.011456822370590869,1024
5.6,0.2,5,S,0.8,0.7261032017132517,-0.07389679828674833,1024
5.6,0.2,10,T,0.475,0.4659690842861614,-0.009030915713838572,1024
5.6,0.2,10,S,0.615,0.6028129168685521,-0.012187083131447896,1024
5.6,0.2,20,T,0.29,0.23030172668366503,-0.059698273316334954,1024
5.6,0.2,20,S,0.435,0.41082239767226525,-0.02417760232773475,1024
5.6,0.3,5,T,0.565,0.5589804781324431,-0.006019521867556832,1024
5.6,0.3,5,S,0.73,0.651280467009744,-0.07871953299025602,1024
5.6,0.3,10,T,0.325,0.302364081902468,-0.022635918097532015,1024
5.6,0.3,10,S,0.5,0.5349667688293483,0.03496676882934835,1024
5.6,0.3,20,T,0.11,0.15562572999296512,0.04562572999296512,1024
5.6,0.3,20,S,0.3,0.36371486063447683,0.06371486063447684,1024
5.6,0.4,5,T,0.49,0.46851225328236595,-0.021487746717634038,1024
5.6,0.4,5,S,0.68,0.5768090300799866,-0.10319096992001342,1024
5.6,0.4,10,T,0.22,0.22686628440922546,0.006866284409225459,1024
5.6,0.4,10,S,0.42,0.47834768301008807,0.05834768301008808,1024
5.6,0.4,20,T,0.045,0.08485028234345861,0.03985028234345861,1024
5.6,0.4,20,S,0.28,0.3248237745676513,0.0448237745676513,1024
5.6,0.5,5,T,0.46,0.4821587738584651,0.022158773858465097,1024
5.6,0.5,5,S,0.63,0.5341505586647406,-0.09584944133525941,1024
5.6,0.5,10,T,0.21,0.24062486784394882,0.030624867843948828,1024
5.6,0.5,10,S,0.37,0.43937275963579414,0.06937275963579415,1024
5.6,0.5,20,T,0.06,0.0467489636336452,-0.013251036366354794,1024
5.6,0.5,20,S,0.27,0.2918056366402709,0.02180563664027091,1024
5.6,0.6,5,T,0.425,0.5117926814289457,0.08679268142894575,1024
5.6,0.6,5,S,0.575,0.5001819197565507,-0.07481808024344927,1024
5.6,0.6,10,T,0.215,0.27869105956429285,0.06369105956429286,1024
5.6,0.6,10,S,0.32,0.40927395103635017,0.08927395103635016,1024
5.6,0.6,20,T,0.085,0.07969598793834567,-0.005304012061654331,1024
5.6,0.6,20,S,0.24,0.26772392353550695,0.027723923535506956,1024
5.6,0.68,5,T,0.39,0.513091990354647,0.12309199035464702,1024
5.6,0.68,5,S,0.525,0.47813061101141013,-0.04686938898858989,1024
5.6,0.68,10,T,0.2,0.3094102541623338,0.1094102541623338,1024
5.6,0.68,10,S,0.285,0.3901073330564221,0.10510733305642211,1024
5.6,0.68,20,T,0.09,0.12544550727930084,0.03544550727930085,1024
5.6,0.68,20,S,0.2,0.26077463866276696,0.060774638662766944,1024
8,0,5,T,0.94,0.9530872581925331,0.013087258192533202,512
8,0,5,S,0.94,0.9530872581925331,0.013087258192533202,512
8,0,10,T,0.87,0.8733797678054029,0.0033797678054029445,512
8,0,10,S,0.87,0.8733797678054029,0.0033797678054029445,512
8,0,20,T,0.69,0.6653584554411897,-0.02464154455881029,512
8,0,20,S,0.69,0.6653584554411897,-0.02464154455881029,512
8,0.1,5,T,0.87,0.9431409462267967,0.07314094622679668,512
8,0.1,5,S,0.94,0.9520274212470533,0.01202742124705336,512
8,0.1,10,T,0.78,0.8410229849437818,0.06102298494378178,512
8,0.1,10,S,0.855,0.8698592028884826,0.014859202888482637,512
8,0.1,20,T,0.595,0.5877819818813794,-0.0072180181186205505,512
8,0.1,20,S,0.64,0.6545155967271244,0.014515596727124436,512
8,0.2,5,T,0.765,0.886427529600475,0.12142752960047498,512
8,0.2,5,S,0.915,0.9483152671628365,0.033315267162836504,512
8,0.2,10,T,0.61,0.6847563586541042,0.07475635865410424,512
8,0.2,10,S,0.795,0.8600532618245225,0.06505326182452242,512
8,0.2,20,T,0.39,0.3873166523089645,-0.002683347691035509,512
8,0.2,20,S,0.55,0.6358633065927575,0.08586330659275743,512
8,0.3,5,T,0.68,0.7351411886116103,0.055141188611610215,512
8,0.3,5,S,0.86,0.9348339820328827,0.07483398203288272,512
8,0.3,10,T,0.48,0.42166205390491696,-0.058337946095083026,512
8,0.3,10,S,0.715,0.8317017538370982,0.11670175383709824,512
8,0.3,20,T,0.235,0.2334533969381176,-0.0015466030618823956,512
8,0.3,20,S,0.465,0.6083777759072807,0.14337777590728068,512
8,0.4,5,T,0.67,0.61546128226206,-0.05453871773794006,512
8,0.4,5,S,0.765,0.8901973295040245,0.1251973295040245,512
8,0.4,10,T,0.4,0.30119446190643745,-0.09880553809356257,512
8,0.4,10,S,0.6,0.7512551901170403,0.15125519011704036,512
8,0.4,20,T,0.15,0.10440655115689984,-0.045593448843100154,512
8,0.4,20,S,0.4,0.5200089752802094,0.12000897528020937,512
8,0.5,5,T,0.66,0.63001224732892,-0.029987752671080004,512
8,0.5,5,S,0.66,0.7916944100785878,0.13169441007858773,512
8,0.5,10,T,0.385,0.3365856375934507,-0.04841436240654928,512
8,0.5,10,S,0.49,0.6342176058206945,0.14421760582069454,512
8,0.5,20,T,0.14,0.07075293758753223,-0.06924706241246778,512
8,0.5,20,S,0.35,0.4342431037177923,0.08424310371779231,512
8,0.6,5,T,0.55,0.6391667821112896,0.08916678211128959,512
8,0.6,5,S,0.56,0.6521604079012558,0.09216040790125579,512
8,0.6,10,T,0.33,0.3442451164695116,0.014245116469511598,512
8,0.6,10,S,0.395,0.5395152296419271,0.1445152296419271,512
8,0.6,20,T,0.145,0.08248700061831926,-0.06251299938168073,512
8,0.6,20,S,0.275,0.3594003782546484,0.08440037825464836,512
8,0.68,5,T,0.46,0.5868959221926325,0.12689592219263252,512
8,0.68,5,S,0.49,0.5725948371211185,0.08259483712111848,512
8,0.68,10,T,0.275,0.3335038299731733,0.05850382997317327,512
8,0.68,10,S,0.33,0.48116115796429926,0.15116115796429924,512
8,0.68,20,T,0.13,0.12112405309284843,-0.008875946907151572,512
8,0.68,20,S,0.215,0.33192604936455905,0.11692604936455905,512
8,0.7,5,T,0.44,0.5707336341402082,0.13073363414020817,512
8,0.7,5,S,0.47,0.564249211480507,0.09424921148050702,512
8,0.7,10,T,0.26,0.33188334854900986,0.07188334854900985,512
8,0.7,10,S,0.305,0.4664776595318141,0.1614776595318141,512
8,0.7,20,T,0.12,0.12426015951484658,0.0042601595148465815,512
8,0.7,20,S,0.2,0.32575384538745994,0.12575384538745993,512
8,0.78,5,T,0.36,0.5028867671340422,0.14288676713404225,512
8,0.78,5,S,0.4,0.5282707684649605,0.12827076846496044,512
8,0.78,10,T,0.205,0.2964353591130179,0.0914353591130179,512
8,0.78,10,S,0.255,0.4308659086568718,0.1758659086568718,512
8,0.78,20,T,0.075,0.12223013760351052,0.047230137603510525,512
8,0.78,20,S,0.155,0.31029127171204374,0.15529127171204374,512
22,0,5,T,0.91,0.9112924834634565,0.0012924834634564508,512
22,0,5,S,0.91,0.9112924834634565,0.0012924834634564508,512
22,0,10,T,0.83,0.8075938058945255,-0.02240619410547451,512
22,0,10,S,0.83,0.8075938058945255,-0.02240619410547451,512
22,0,20,T,0.67,0.6072255083766426,-0.06277449162335746,512
22,0,20,S,0.67,0.6072255083766426,-0.06277449162335746,512
22,0.1,5,T,0.91,0.912222309259398,0.0022223092593979255,512
22,0.1,5,S,0.91,0.9133186818376422,0.003318681837642168,512
22,0.1,10,T,0.815,0.8125512971549228,-0.002448702845077144,512
22,0.1,10,S,0.83,0.8146514380625929,-0.01534856193740708,512
22,0.1,20,T,0.645,0.618718552438723,-0.026281447561277038,512
22,0.1,20,S,0.665,0.62360157134477,-0.041398428655230024,512
22,0.2,5,T,0.9,0.909914776437347,0.00991477643734695,512
22,0.2,5,S,0.91,0.9168567366716228,0.006856736671622787,512
22,0.2,10,T,0.79,0.811168407099885,0.02116840709988499,512
22,0.2,10,S,0.825,0.8278059637862936,0.002805963786293608,512
22,0.2,20,T,0.585,0.614042756148588,0.02904275614858809,512
22,0.2,20,S,0.665,0.654562701184055,-0.010437298815945018,512
22,0.3,5,T,0.89,0.8959029277668563,0.005902927766856303,512
22,0.3,5,S,0.91,0.9166379304231704,0.006637930423170402,512
22,0.3,10,T,0.76,0.778502448269009,0.018502448269009042,512
22,0.3,10,S,0.82,0.8302443194864924,0.010244319486492404,512
22,0.3,20,T,0.525,0.5445721803546616,0.019572180354661572,512
22,0.3,20,S,0.65,0.6610143783435777,0.011014378343577658,512
22,0.4,5,T,0.875,0.8692313907217009,-0.005768609278299142,512
22,0.4,5,S,0.905,0.9094834829338131,0.0044834829338130655,512
22,0.4,10,T,0.73,0.7167805391874988,-0.013219460812501138,512
22,0.4,10,S,0.815,0.8119580583672095,-0.003041941632790479,512
22,0.4,20,T,0.455,0.4390616375758066,-0.015938362424193442,512
22,0.4,20,S,0.635,0.6214111573585058,-0.013588842641494181,512
22,0.5,5,T,0.85,0.836774316210928,-0.013225683789071963,512
22,0.5,5,S,0.9,0.8971553883117441,-0.0028446116882558936,512
22,0.5,10,T,0.69,0.6506348863566345,-0.03936511364336548,512
22,0.5,10,S,0.81,0.7791339589293268,-0.030866041070673256,512
22,0.5,20,T,0.39,0.35657901439872824,-0.03342098560127177,512
22,0.5,20,S,0.62,0.5550920258602214,-0.06490797413977856,512
22,0.6,5,T,0.81,0.80233108948972,-0.007668910510280069,512
22,0.6,5,S,0.89,0.8849346741146764,-0.005065325885323602,512
22,0.6,10,T,0.62,0.5899763008206239,-0.030023699179376084,512
22,0.6,10,S,0.8,0.7484182309694554,-0.05158176903054468,512
22,0.6,20,T,0.305,0.2964197118012421,-0.00858028819875789,512
22,0.6,20,S,0.6,0.5002484261221877,-0.0997515738778123,512
22,0.68,5,T,0.77,0.7672347636506036,-0.002765236349396405,512
22,0.68,5,S,0.885,0.878405774138649,-0.006594225861351055,512
22,0.68,10,T,0.545,0.5308408000950757,-0.014159199904924313,512
22,0.68,10,S,0.775,0.7344905512835322,-0.04050944871646778,512
22,0.68,20,T,0.225,0.23569539996133193,0.010695399961331925,512
22,0.68,20,S,0.56,0.4800936006979481,-0.07990639930205196,512
22,0.7,5,T,0.755,0.7561453363200665,0.0011453363200665256,512
22,0.7,5,S,0.88,0.8773235210510445,-0.0026764789489555074,512
22,0.7,10,T,0.52,0.5128532315883743,-0.007146768411625759,512
22,0.7,10,S,0.77,0.732722536225047,-0.037277463774953,512
22,0.7,20,T,0.2,0.2180573462167119,0.0180573462167119,512
22,0.7,20,S,0.55,0.4783320100464292,-0.07166798995357082,512
22,0.78,5,T,0.73,0.698544964307411,-0.031455035692589006,512
22,0.78,5,S,0.865,0.8744097140362551,0.009409714036255123,512
22,0.78,10,T,0.485,0.4299647881812326,-0.05503521181876736,512
22,0.78,10,S,0.7,0.7302333077067545,0.030233307706754586,512
22,0.78,20,T,0.11,0.1424268969555222,0.032426896955522186,512
22,0.78,20,S,0.43,0.4789755170333963,0.04897551703339631,512
22,0.8,5,T,0.715,0.6806354887706212,-0.03436451122937878,512
22,0.8,5,S,0.86,0.8737481492829756,0.01374814928297563,512
22,0.8,10,T,0.46,0.4077301635674343,-0.05226983643256572,512
22,0.8,10,S,0.685,0.7299956296701603,0.04499562967016024,512
22,0.8,20,T,0.09,0.1224988702945852,0.0324988702945852,512
22,0.8,20,S,0.4,0.47965643789770185,0.07965643789770183,512
22,0.9,5,T,0.61,0.5743493296643093,-0.03565067033569069,512
22,0.9,5,S,0.81,0.8663433344645097,0.056343334464509676,512
22,0.9,10,T,0.345,0.29501390329415494,-0.04998609670584503,512
22,0.9,10,S,0.57,0.7201755679755051,0.15017556797550513,512
22,0.9,20,T,0.03,0.029934109724817814,-6.589027518218507e-05,512
22,0.9,20,S,0.28,0.469926561006273,0.18992656100627298,512
22,1,5,T,0.44,0.44857672981110525,0.008576729811105244,512
22,1,5,S,0.74,0.8423663123360033,0.10236631233600335,512
22,1,10,T,0.2,0.186075394981765,-0.013924605018235003,512
22,1,10,S,0.485,0.6760208328735853,0.1910208328735853,512
22,1,20,T,0.03,0.0028301419032431946,-0.027169858096756806,512
22,1,20,S,0.225,0.41818194135583825,0.19318194135583824,512
